,person_id,district_nbr,LEA,school_name,school_nbr,cert_endo_degree_desc,endo_receive_date,,,
,23062.044,1,Alpine District,Lehi High,708,Computer Science - Level 2,6/30/1986,,,
,25022.66,9,Emery District,Emery High,706,Computer Science - Level 2,6/30/1986,,,
,25274.802,12,Granite District,Granite District,12,Computer Science - Level 2,6/30/1986,,,
,26893.786,42,Canyons District,Hillcrest High,706,Computer Science - Level 2,6/30/1986,,,
,26954.388,14,Jordan District,Copper Hills High,703,Computer Science - Level 2,6/30/1986,,,
,27184.55,14,Jordan District,Copper Hills High,703,Computer Science - Level 2,6/30/1986,,,
,30425.03,38,Provo District,Centennial Middle,404,Computer Science - Level 2,6/30/1986,,,
,28314.008,25,San Juan District,Monticello High,704,Computer Science - Level 2,9/30/1986,,,
,24775.542,7,Davis District,Woods Cross High,714,Computer Science - Level 2,10/30/1986,,,
,26765.046,14,Jordan District,Copper Hills High,703,Computer Science - Level 2,10/30/1986,,,
,4734.178,38,Provo District,Timpview High,712,Computer Science - Level 2,1/30/1987,,,
,20394.928,4,Cache District,North Cache Middle School,406,Computer Science - Level 2,1/30/1987,,,
,25355.5,FR,Rowland Hall-St Mark's Schools,Rowland Hall-St Mark's (Sec),969,Computer Science - Level 2,1/30/1987,,481,Current Educators with assignment that hold an IT endorsement
,28787.206,32,Wasatch District,Wasatch High,704,Computer Science - Level 2,1/30/1987,,78,Different LEAs 
,28647.79,31,Uintah District,Uintah High,704,Computer Science - Level 2,3/30/1987,,261,Different Schools
,1065.402,9F,Mountain Heights Academy,Mountain Heights Academy,600,Computer Science - Level 2,6/30/1987,,,
,28437.096,27,South Sanpete District,South Sanpete District,27,Computer Science - Level 2,6/30/1987,,,
,24070.926,7,Davis District,Viewmont High,712,Computer Science - Level 2,7/30/1987,,,
,7286.37,14,Jordan District,West Jordan Middle,412,Computer Science - Level 2,8/30/1987,,,
,9112.908,28,South Summit District,Silver Summit Academy,705,Computer Science - Level 2,8/30/1987,,,
,9112.908,28,South Summit District,South Summit High,704,Computer Science - Level 2,8/30/1987,,,
,19706.012,14,Jordan District,Copper Hills High,703,Computer Science - Level 2,8/30/1987,,459,Current Educators with an SB93 Endorsement
,27695.114,17,Millard District,Delta High,704,Computer Science - Level 2,8/30/1987,,63,Different LEAs including an SB93 Endorsement 
,28346.036,26,Sevier District,South Sevier Middle,320,Computer Science - Level 2,8/30/1987,,84,Different Schools with an SB93 Endorsement
,23048.856,1,Alpine District,Orem Jr High,414,Computer Science - Level 2,10/30/1987,,,
,29688.386,4F,Salt Lake Center for Science Education,Salt Lake Center for Science Education,300,Computer Science - Level 2,10/30/1987,,,
,25925.724,12,Granite District,Taylorsville High,722,Computer Science - Level 2,11/30/1987,,,
,18102.728,14,Jordan District,Copper Mountain Middle,419,Computer Science - Level 2,1/30/1988,,124,Current Educators Since 2016
,18336.03,3,Box Elder District,Bear River High,704,Computer Science - Level 2,2/28/1988,,38,Different LEAs Since 2016
,18336.03,3,Box Elder District,Bear River Middle,404,Computer Science - Level 2,2/28/1988,,56,Different Schools Since 2016
,22897.194,1,Alpine District,Oak Canyon Jr High,412,Computer Science - Level 2,2/28/1988,,,
,29292.432,99,USBE,USBE,99,Computer Programming,5/30/1988,,,
,23587.366,3,Box Elder District,Bear River High,704,Computer Science - Level 2,7/30/1988,,,
,29319.75,35,Weber District,Weber District,35,Computer Science - Level 2,7/30/1988,,,
,10775.538,3F,Venture Academy,Venture Academy,100,Computer Science - Level 2,8/30/1988,,,
,28278.84,25,San Juan District,Monticello High,704,Computer Science - Level 2,8/30/1988,,,
,9480.288,7,Davis District,Viewmont High,712,Computer Science - Level 2,9/30/1988,,,
,22831.568,1,Alpine District,Lehi Jr High,408,Computer Science - Level 2,9/30/1988,,,
,22831.568,1,Alpine District,Skyridge High School,785,Computer Science - Level 2,9/30/1988,,,
,25183.428,12,Granite District,Olympus High,716,Computer Science - Level 2,9/30/1988,,,
,28896.478,33,Washington District,Washington District,33,Computer Science - Level 2,9/30/1988,,,
,23561.618,3,Box Elder District,Bear River High,704,Computer Science - Level 2,11/30/1988,,,
,25575.3,12,Granite District,Granite District,12,Computer Science - Level 2,11/30/1988,,,
,27820.4,19,Nebo District,Salem Hills High,706,Computer Science - Level 2,1/30/1989,,,
,28279.154,25,San Juan District,Monticello High,704,Computer Science - Level 2,4/30/1989,,,
,30685.65,40,Murray District,Riverview Jr High,412,Computer Science - Level 2,5/30/1989,,,
,24773.658,7,Davis District,Davis District,7,Computer Science - Level 2,7/30/1989,,,
,21432.698,99,USBE,USBE,99,Computer Science - Level 2,8/30/1989,,,
,23700.092,4,Cache District,Green Canyon High School,703,Computer Science - Level 2,8/30/1989,,,
,23816.272,4,Cache District,Sky View High,706,Computer Science - Level 2,8/30/1989,,,
,24012.522,7,Davis District,Northridge High,711,Computer Science - Level 2,8/30/1989,,,
,29392.284,35,Weber District,Roy High,708,Computer Science - Level 2,8/30/1989,,,
,21691.12,3,Box Elder District,Young Intermediate,308,Computer Science - Level 2,9/30/1989,,,
,22917.604,1,Alpine District,East Shore Online,790,Computer Science - Level 2,9/30/1989,,,
,29452.258,7,Davis District,Northridge High,711,Computer Science - Level 2,9/30/1989,,,
,24471.276,7,Davis District,Davis District,7,Computer Science - Level 2,10/30/1989,,,
,28754.55,34,Wayne District,Wayne High,704,Computer Science - Level 2,1/30/1990,,,
,23785.186,4,Cache District,Ridgeline High School,705,Computer Science - Level 2,8/30/1990,,,
,23500.074,3,Box Elder District,Bear River High,704,Computer Science - Level 2,9/30/1990,,,
,27405.606,14,Jordan District,West Jordan High,718,Computer Science - Level 2,9/30/1990,,,
,23587.366,3,Box Elder District,Bear River High,704,Computer Programming,10/30/1990,,,
,7059.662,20,North Sanpete District,Fairview School,104,Computer Science - Level 2,10/30/1990,,,
,24323.696,7,Davis District,Layton High,710,Computer Science - Level 2,10/30/1990,,,
,27777.382,19,Nebo District,Payson High,704,Computer Science - Level 2,10/30/1990,,,
,30568.842,39,Logan City District,Logan High,704,Computer Science - Level 2,10/30/1990,,,
,4620.51,12,Granite District,Evergreen Jr High,412,Computer Science - Level 2,1/30/1991,,,
,27276.552,14,Jordan District,Herriman High,707,Computer Science - Level 2,3/30/1991,,,
,23808.108,4,Cache District,Ridgeline High School,705,Computer Science - Level 2,4/30/1991,,,
,27231.964,4D,Syracuse Arts Academy,Syracuse Arts Academy - Antelope,100,Computer Science - Level 2,5/30/1991,,,
,12823.76,1B,Utah County Academy of Science,Utah County Academy of Science,700,Computer Science - Level 2,6/30/1991,,,
,23700.092,4,Cache District,Green Canyon High School,703,Computer Programming,9/30/1991,,,
,23998.392,7,Davis District,Layton High,710,Computer Science - Level 2,9/30/1991,,,
,23998.392,7,Davis District,North Davis Jr High,412,Computer Science - Level 2,9/30/1991,,,
,9627.868,14,Jordan District,Valley High School,716,Computer Science - Level 2,10/30/1991,,,
,25008.53,9,Emery District,Emery High,706,Computer Science - Level 2,5/30/1992,,,
,958.956,1,Alpine District,Mountain Ridge Jr High,410,Computer Science - Level 2,7/30/1992,,,
,19355.274,38,Provo District,Dixon Middle,408,Computer Science - Level 2,7/30/1992,,,
,19355.274,38,Provo District,Independence High,730,Computer Science - Level 2,7/30/1992,,,
,1262.594,38,Provo District,Provo High,704,Computer Science - Level 2,8/30/1992,,,
,24800.976,7,Davis District,Davis District,7,Computer Science - Level 2,8/30/1992,,,
,15764.684,1,Alpine District,Lone Peak High,709,Computer Science - Level 2,10/30/1992,,,
,29390.4,35,Weber District,Weber High,704,Computer Science - Level 2,3/30/1993,,,
,8662.004,8C,Mountainville Academy,Mountainville Academy,100,Computer Science - Level 2,8/30/1993,,,
,23467.732,3,Box Elder District,Box Elder Middle,408,Computer Science - Level 2,9/30/1993,,,
,26264.844,40,Murray District,Murray High,704,Computer Science - Level 2,9/30/1993,,,
,26518.556,1,Alpine District,Oak Canyon Jr High,412,Computer Science - Level 2,9/30/1993,,,
,26736.158,30,Tooele District,Tooele Jr High,404,Computer Science - Level 2,10/30/1993,,,
,29051.594,33,Washington District,Pine View High,720,Computer Science - Level 2,10/30/1993,,,
,24165.126,7,Davis District,Layton High,710,Computer Science - Level 2,3/30/1994,,,
,28917.516,33,Washington District,Pine View High,720,Computer Science - Level 2,3/30/1994,,,
,30197.066,37,Ogden City District,Ogden High,707,Computer Science - Level 2,9/30/1994,,,
,21366.444,1,Alpine District,Lehi High,708,Computer Science - Level 2,10/30/1994,,,
,26108.786,12,Granite District,Cyprus High,704,Computer Science - Level 2,10/30/1994,,,
,23961.34,7,Davis District,Syracuse High,716,Computer Science - Level 2,11/30/1994,,,
,28789.718,76,Northeastern Utah Ed. Serv.,Northeastern Utah Ed. Serv.,76,Computer Programming,7/30/1995,,,
,279.774,4,Cache District,Spring Creek Middle School,330,Computer Science - Level 2,7/30/1995,,,
,28867.59,33,Washington District,Desert Hills High,703,Computer Science - Level 2,7/30/1995,,,
,24680.4,7,Davis District,Woods Cross High,714,Computer Science - Level 2,9/30/1995,,,
,24297.634,7,Davis District,Tolman School,172,Computer Science - Level 2,10/30/1995,,,
,26031.542,12,Granite District,Cyprus High,704,Computer Science - Level 2,10/30/1995,,,
,30539.326,38,Provo District,Provo District,38,Computer Science - Level 2,10/30/1995,,,
,27585.528,12,Granite District,Granite District,12,Computer Science - Level 2,11/30/1995,,,
,27826.052,19,Nebo District,Springville High,712,Computer Science - Level 2,11/30/1995,,,
,30295.662,7,Davis District,Syracuse High,716,Computer Science - Level 2,11/30/1995,,,
,20076.218,38,Provo District,Timpview High,712,Computer Science - Level 2,12/30/1995,,,
,9059.842,12,Granite District,Gearld Wright School,131,Computer Science - Level 2,1/30/1996,,,
,13974.256,12,Granite District,Bennion Jr High,400,Computer Science - Level 2,3/30/1996,,,
,28975.606,33,Washington District,Snow Canyon High,725,Computer Science - Level 2,3/30/1996,,,
,29063.526,33,Washington District,Hurricane Middle,408,Computer Science - Level 2,3/30/1996,,,
,29276.732,7,Davis District,Davis District,7,Computer Science - Level 2,7/30/1996,,,
,28141.622,21,North Summit District,North Summit High,704,Computer Science - Level 2,8/30/1996,,,
,28973.722,33,Washington District,Hurricane High,716,Computer Science - Level 2,8/30/1996,,,
,25653.8,12,Granite District,Evergreen Jr High,412,Computer Science - Level 2,9/30/1996,,,
,28383.716,22,Park City District,Park City High,704,Computer Science - Level 2,9/30/1996,,,
,22263.542,12,Granite District,Youth Educational Support School,501,Computer Science - Level 2,6/30/1997,,,
,28116.188,20,North Sanpete District,North Sanpete Middle,404,Computer Science - Level 2,6/30/1997,,,
,17938.192,9E,Providence Hall,Providence Hall,100,Computer Science - Level 2,7/30/1997,,,
,23317.64,1,Alpine District,Lone Peak High,709,Computer Science - Level 2,7/30/1997,,,
,23281.216,1,Alpine District,Pleasant Grove High,716,Computer Science - Level 2,10/30/1997,,,
,28501.466,12,Granite District,Hunter High,710,Multi-media Academies,10/30/1997,,,
,28495.814,19,Nebo District,Mt. Nebo Junior High,406,Multi-media Academies,10/30/1997,,,
,28250.266,24,Rich District,Rich High,708,Multi-media Academies,10/30/1997,,,
,28659.722,31,Uintah District,Ashley Valley Educ. Ctr.,750,Multi-media Academies,10/30/1997,,,
,28991.934,33,Washington District,Dixie Middle,404,Multi-media Academies,10/30/1997,,,
,9988.34,38,Provo District,Provo High,704,Multi-media Academies,10/30/1997,,,
,28789.718,76,Northeastern Utah Ed. Serv.,Northeastern Utah Ed. Serv.,76,Multi-media Academies,10/30/1997,,,
,28715.928,3,Box Elder District,Box Elder District,3,Certified Novell Administrator (CNA),11/30/1997,,,
,26104.076,12,Granite District,Hunter High,710,Certified Novell Administrator (CNA),11/30/1997,,,
,28314.008,25,San Juan District,Monticello High,704,Certified Novell Administrator (CNA),11/30/1997,,,
,28789.718,76,Northeastern Utah Ed. Serv.,Northeastern Utah Ed. Serv.,76,Certified Novell Administrator (CNA),11/30/1997,,,
,30767.918,14,Jordan District,Herriman High,707,Computer Science - Level 2,2/28/1998,,,
,29390.4,35,Weber District,Weber High,704,Certified Novell Administrator (CNA),4/30/1998,,,
,24471.276,7,Davis District,Davis District,7,Computer Programming,4/30/1998,,,
,19691.568,36,Salt Lake District,Highland High,708,Computer Science - Level 2,4/30/1998,,,
,30874.992,4,Cache District,South Cache Middle School,410,Certified Novell Administrator (CNA),5/30/1998,,,
,29390.4,35,Weber District,Weber High,704,Computer Programming,5/30/1998,,,
,28975.606,33,Washington District,Snow Canyon High,725,Certified Novell Administrator (CNA),9/30/1998,,,
,21357.966,3,Box Elder District,Bear River High,704,Multi-media Academies,9/30/1998,,,
,28975.606,33,Washington District,Snow Canyon High,725,Computer Programming,10/30/1998,,,
,11055.312,28,South Summit District,South Summit High,704,Computer Science - Level 2,10/30/1998,,,
,15130.09,27,South Sanpete District,Manti High,708,Computer Science - Level 2,3/30/1999,,,
,24395.916,A1,No. UT. Acad. for Math Engineering & Science,No. UT. Acad. for Math Engineering & Science,700,Computer Science - Level 2,3/30/1999,,,
,29114.08,33,Washington District,Enterprise High,712,Computer Science - Level 2,3/30/1999,,,
,24471.276,7,Davis District,Davis District,7,Multi-media Academies,3/30/1999,,,
,26985.16,42,Canyons District,Jordan High,708,Computer Science - Level 2,6/30/1999,,,
,21366.444,1,Alpine District,Lehi High,708,Computer Science - Level 2,7/16/1999,,,
,5945.276,14,Jordan District,Copper Hills High,703,Computer Science - Level 2,9/3/1999,,,
,28141.622,21,North Summit District,North Summit High,704,Computer Programming,10/6/1999,,,
,27839.868,19,Nebo District,Nebo District,19,Multimedia,10/22/1999,,,
,27853.37,19,Nebo District,Spanish Fork Jr High,420,Computer Science - Level 2,11/4/1999,,,
,26653.89,42,Canyons District,Hillcrest High,706,Certified Novell Administrator (CNA),1/19/2000,,,
,28813.582,32,Wasatch District,Wasatch High,704,Multimedia,1/19/2000,,,
,29923.258,36,Salt Lake District,West High,716,Multimedia,1/19/2000,,,
,28789.718,76,Northeastern Utah Ed. Serv.,Northeastern Utah Ed. Serv.,76,Multimedia,1/19/2000,,,
,26597.37,8B,American Leadership Academy,American Leadership Academy,100,Multimedia,1/19/2000,,,
,19691.568,36,Salt Lake District,Highland High,708,Computer Science - Level 2,2/14/2000,,,
,9066.436,42,Canyons District,Canyons Technical Education Center,740,Computer Science - Level 2,2/23/2000,,,
,27276.552,14,Jordan District,Herriman High,707,Computer Programming,2/24/2000,,,
,31726.874,33,Washington District,Enterprise High,712,Computer Science - Level 2,4/4/2000,,,
,23916.438,5,Carbon District,Carbon High,704,Multimedia,6/20/2000,,,
,24618.856,7,Davis District,Mountain High,730,Multimedia,6/20/2000,,,
,22897.194,1,Alpine District,Oak Canyon Jr High,412,Multimedia,7/11/2000,,,
,22917.29,1,Alpine District,Orem High,712,Multimedia,7/11/2000,,,
,22869.248,1,Alpine District,Pleasant Grove High,716,Multimedia,7/11/2000,,,
,22825.602,1,Alpine District,Timpanogos High,718,Multimedia,7/11/2000,,,
,23587.366,3,Box Elder District,Bear River High,704,Multimedia,7/11/2000,,,
,23539.638,3,Box Elder District,Box Elder High,708,Multimedia,7/11/2000,,,
,24300.146,7,Davis District,Davis District,7,Multimedia,7/11/2000,,,
,25892.754,12,Granite District,Cottonwood High,702,Multimedia,7/11/2000,,,
,22896.88,14,Jordan District,Herriman High,707,Multimedia,7/11/2000,,,
,4048.088,25,San Juan District,Albert R. Lyman Middle,308,Multimedia,7/11/2000,,,
,3817.926,33,Washington District,Pine View Middle,420,Multimedia,7/11/2000,,,
,26656.088,14,Jordan District,Herriman High,707,Certified Novell Administrator (CNA),8/15/2000,,,
,26849.512,14,Jordan District,Copper Hills High,703,A+ (Computer Repair/Maintenance),8/18/2000,,,
,26849.512,14,Jordan District,Copper Hills High,703,Certified Novell Administrator (CNA),8/18/2000,,,
,25300.55,12,Granite District,Cyprus High,704,Multimedia,9/13/2000,,,
,31615.404,FC,Utah Catholic Schools,Judge Memorial Catholic High,959,A+ (Computer Repair/Maintenance),9/20/2000,,,
,28495.814,19,Nebo District,Mt. Nebo Junior High,406,Multimedia,10/16/2000,,,
,21357.966,3,Box Elder District,Bear River High,704,Multimedia,10/31/2000,,,
,28659.722,31,Uintah District,Ashley Valley Educ. Ctr.,750,Multimedia,10/31/2000,,,
,27962.956,19,Nebo District,Spanish Fork High,708,Certified Novell Administrator (CNA),11/6/2000,,,
,27962.956,19,Nebo District,Springville High,712,Certified Novell Administrator (CNA),11/6/2000,,,
,28813.582,32,Wasatch District,Wasatch High,704,Certified Novell Administrator (CNA),11/29/2000,,,
,17695.47,3,Box Elder District,Bear River Middle,404,Computer Science - Level 2,12/19/2000,,,
,55734.058,33,Washington District,Desert Hills High,703,A+ (Computer Repair/Maintenance),1/5/2001,,,
,27962.956,19,Nebo District,Spanish Fork High,708,Computer Programming,1/31/2001,,,
,27962.956,19,Nebo District,Springville High,712,Computer Programming,1/31/2001,,,
,55624.472,8,Duchesne District,Duchesne District,8,Multimedia,1/31/2001,,,
,26985.16,42,Canyons District,Jordan High,708,Computer Programming,2/8/2001,,,
,55793.718,38,Provo District,Timpview High,712,Computer Science - Level 2,2/23/2001,,,
,24680.4,7,Davis District,Woods Cross High,714,Computer Programming,4/20/2001,,,
,26480.562,14,Jordan District,Jordan District,14,Multimedia,4/20/2001,,,
,55734.058,33,Washington District,Desert Hills High,703,Network+,4/20/2001,,,
,59047.072,1,Alpine District,Willowcreek Middle,425,Microsoft Certified Professional (MCP),4/26/2001,,,
,25183.428,12,Granite District,Olympus High,716,Computer Programming,5/24/2001,,,
,26264.844,40,Murray District,Murray High,704,Computer Programming,5/24/2001,,,
,31615.404,FC,Utah Catholic Schools,Judge Memorial Catholic High,959,Computer Programming,5/24/2001,,,
,31616.66,36,Salt Lake District,East High,704,Computer Programming,6/22/2001,,,
,22831.568,1,Alpine District,Lehi Jr High,408,Multimedia,8/8/2001,,,
,22831.568,1,Alpine District,Skyridge High School,785,Multimedia,8/8/2001,,,
,25293.642,12,Granite District,Granite Technical Institute,775,Multimedia,8/8/2001,,,
,45646.494,12,Granite District,Granite Technical Institute,775,Multimedia,8/8/2001,,,
,4688.02,12,Granite District,John F. Kennedy Jr High,422,Multimedia,8/8/2001,,,
,30797.12,14,Jordan District,Copper Hills High,703,Multimedia,8/8/2001,,,
,31152.254,34,Wayne District,Wayne District,34,Multimedia,8/8/2001,,,
,30232.234,37,Ogden City District,Ben Lomond High,703,Multimedia,8/8/2001,,,
,30085.91,37,Ogden City District,George Washington High,729,Multimedia,8/8/2001,,,
,30085.91,37,Ogden City District,Ogden High,707,Multimedia,8/8/2001,,,
,24395.916,A1,No. UT. Acad. for Math Engineering & Science,No. UT. Acad. for Math Engineering & Science,700,Certified Novell Administrator (CNA),8/17/2001,,,
,24395.916,A1,No. UT. Acad. for Math Engineering & Science,No. UT. Acad. for Math Engineering & Science,700,Computer Programming,8/17/2001,,,
,24471.276,7,Davis District,Davis District,7,Multimedia,8/17/2001,,,
,28143.506,28,South Summit District,South Summit Middle,304,Multimedia,8/30/2001,,,
,5945.276,14,Jordan District,Copper Hills High,703,Computer Programming,10/9/2001,,,
,28991.934,33,Washington District,Dixie Middle,404,Microsoft Certified Professional (MCP),10/9/2001,,,
,68767.57,14,Jordan District,Fort Herriman Middle,417,A+ (Computer Repair/Maintenance),10/24/2001,,,
,68767.57,14,Jordan District,Fort Herriman Middle,417,Microsoft Certified Professional (MCP),10/24/2001,,,
,24165.126,7,Davis District,Layton High,710,Computer Programming,11/16/2001,,,
,24279.422,7,Davis District,Centerville School,116,Multimedia,11/16/2001,,,
,24279.422,7,Davis District,Orchard School,147,Multimedia,11/16/2001,,,
,2596.466,7,Davis District,Legacy Jr High,424,Multimedia,11/19/2001,,,
,55808.162,30,Tooele District,Stansbury High,720,Computer Science - Level 2,11/26/2001,,,
,37598.674,40,Murray District,Murray High,704,Computer Science - Level 2,1/28/2002,,,
,23848.928,5,Carbon District,Carbon High,704,Computer Programming,3/18/2002,,,
,68758.15,30,Tooele District,Tooele Jr High,404,Multimedia,3/20/2002,,,
,23273.68,1,Alpine District,Westlake High,789,Certified Novell Administrator (CNA),6/3/2002,,,
,84744.832,38,Provo District,Provo High,704,Computer Programming,7/30/2002,,,
,84744.832,38,Provo District,Provo High,704,Computer Programming,7/30/2002,,,
,22751.498,1,Alpine District,Timberline Middle,420,Multimedia,7/30/2002,,,
,24124.934,7,Davis District,Viewmont High,712,Multimedia,7/30/2002,,,
,3221.326,10,Garfield District,Panguitch High,712,Multimedia,7/30/2002,,,
,3221.326,10,Garfield District,Panguitch Middle,304,Multimedia,7/30/2002,,,
,37450.78,12,Granite District,Granite District,12,Multimedia,7/30/2002,,,
,3336.878,13,Iron District,Cedar Middle,304,Multimedia,7/30/2002,,,
,18441.848,19,Nebo District,Salem Hills High,706,Multimedia,7/30/2002,,,
,29933.934,36,Salt Lake District,West High,716,Multimedia,7/30/2002,,,
,31765.182,36,Salt Lake District,West High,716,Multimedia,7/30/2002,,,
,22907.556,1D,Renaissance Academy,Renaissance Academy,100,Multimedia,7/30/2002,,,
,19355.274,38,Provo District,Dixon Middle,408,Computer Programming,8/5/2002,,,
,19355.274,38,Provo District,Independence High,730,Computer Programming,8/5/2002,,,
,58911.11,15,Juab District,Juab High,704,Multimedia,9/4/2002,,,
,30372.278,38,Provo District,Provo High,704,Multimedia,9/16/2002,,,
,31616.66,36,Salt Lake District,East High,704,Oracle (Database Development),9/16/2002,,,
,37575.124,99,USBE,USBE,99,Computer Science - Level 2,11/20/2002,,,
,29276.732,7,Davis District,Davis District,7,Computer Programming,2/11/2003,,,
,84744.832,38,Provo District,Provo High,704,A+ (Computer Repair/Maintenance),4/9/2003,,,
,84744.832,38,Provo District,Provo High,704,A+ (Computer Repair/Maintenance),4/9/2003,,,
,22715.074,1,Alpine District,Lakeridge Jr High,406,Computer Programming,5/14/2003,,,
,12663.62,7,Davis District,Tolman School,172,Computer Science - Level 2,5/29/2003,,,
,105677.014,1B,Utah County Academy of Science,Utah County Academy of Science,700,Certified Novell Administrator (CNA),5/30/2003,,,
,55734.058,33,Washington District,Desert Hills High,703,Computer Programming,6/12/2003,,,
,31615.404,FC,Utah Catholic Schools,Judge Memorial Catholic High,959,Network+,6/12/2003,,,
,91342.286,1B,Utah County Academy of Science,Utah County Academy of Science,700,Multimedia,6/17/2003,,,
,91342.286,1B,Utah County Academy of Science,Utah County Academy of Science,700,Multimedia,6/17/2003,,,
,26357.16,13,Iron District,Cedar Middle,304,Web Development,6/27/2003,,,
,28814.524,33,Washington District,Hurricane High,716,Web Development,6/27/2003,,,
,115194.354,38,Provo District,Centennial Middle,404,Microsoft Certified Professional (MCP),7/10/2003,,,
,45491.064,26,Sevier District,Cedar Ridge High,716,Web Development,7/11/2003,,,
,11850.674,35,Weber District,Uintah School,154,Computer Science - Level 2,8/7/2003,,,
,22715.074,1,Alpine District,Lakeridge Jr High,406,Introduction to Information Technology,8/12/2003,,,
,21978.116,7,Davis District,Davis High,708,Introduction to Information Technology,8/12/2003,,,
,25786.936,12,Granite District,Cottonwood High,702,Introduction to Information Technology,8/12/2003,,,
,68767.57,14,Jordan District,Fort Herriman Middle,417,Introduction to Information Technology,8/12/2003,,,
,55734.058,33,Washington District,Desert Hills High,703,Introduction to Information Technology,8/12/2003,,,
,29933.934,36,Salt Lake District,West High,716,Introduction to Information Technology,8/12/2003,,,
,30697.896,40,Murray District,Murray District,40,Introduction to Information Technology,8/12/2003,,,
,26264.844,40,Murray District,Murray High,704,Introduction to Information Technology,8/12/2003,,,
,28789.718,76,Northeastern Utah Ed. Serv.,Northeastern Utah Ed. Serv.,76,Introduction to Information Technology,8/12/2003,,,
,107234.14,12,Granite District,Redwood School,184,Computer Programming,8/26/2003,,,
,23325.49,1,Alpine District,Pleasant Grove High,716,Multimedia,8/26/2003,,,
,45649.948,7,Davis District,Bountiful High,704,Multimedia,8/26/2003,,,
,25786.936,12,Granite District,Cottonwood High,702,Multimedia,8/26/2003,,,
,60757.116,30,Tooele District,Stansbury High,720,Multimedia,8/26/2003,,,
,60757.116,30,Tooele District,Wendover High,714,Multimedia,8/26/2003,,,
,93249.208,35,Weber District,Roy High,708,Multimedia,8/26/2003,,,
,93249.208,35,Weber District,Weber Innovation High School,725,Multimedia,8/26/2003,,,
,93249.208,35,Weber District,Weber Online K-6,199,Multimedia,8/26/2003,,,
,24760.156,75,Central Utah Ed. Services,Central Utah Ed. Services,75,Multimedia,8/26/2003,,,
,25300.55,12,Granite District,Cyprus High,704,Oracle (Database Development),8/26/2003,,,
,107234.14,12,Granite District,Redwood School,184,Oracle (Database Development),8/26/2003,,,
,121437.616,1,Alpine District,Orem High,712,Multimedia,10/10/2003,,,
,91235.84,83,Academy for Math Engineering & Science,Academy for Math Engineering & Science,700,Computer Science - Level 2,10/29/2003,,,
,91341.658,42,Canyons District,Hillcrest High,706,Multimedia,10/30/2003,,,
,28314.008,25,San Juan District,Monticello High,704,Computer Programming,10/31/2003,,,
,25300.55,12,Granite District,Cyprus High,704,Introduction to Information Technology,12/15/2003,,,
,129443.988,33,Washington District,Snow Canyon High,725,Computer Programming,1/23/2004,,,
,129443.988,33,Washington District,Snow Canyon High,725,Introduction to Information Technology,1/23/2004,,,
,129443.988,33,Washington District,Snow Canyon High,725,Multimedia,1/23/2004,,,
,129443.988,33,Washington District,Snow Canyon High,725,Web Development,1/23/2004,,,
,115194.354,38,Provo District,Centennial Middle,404,A+ (Computer Repair/Maintenance),2/2/2004,,,
,55808.162,30,Tooele District,Stansbury High,720,Computer Science - Level 2,3/17/2004,,,
,137273.578,30,Tooele District,Tooele Jr High,404,Computer Programming,6/30/2004,,,
,23198.634,1,Alpine District,Summit High,730,Introduction to Information Technology,7/15/2004,,,
,27143.416,12,Granite District,Granite District,12,Introduction to Information Technology,7/15/2004,,,
,137273.578,30,Tooele District,Tooele Jr High,404,Introduction to Information Technology,7/15/2004,,,
,27418.48,42,Canyons District,Jordan High,708,Introduction to Information Technology,7/15/2004,,,
,31615.404,FC,Utah Catholic Schools,Judge Memorial Catholic High,959,Introduction to Information Technology,7/15/2004,,,
,99418.994,8B,American Leadership Academy,American Leadership Academy,100,Computer Science - Level 2,7/23/2004,,,
,133989.452,36,Salt Lake District,Salt Lake Technology Center,749,Computer Science - Level 2,8/3/2004,,,
,27143.416,12,Granite District,Granite District,12,Multimedia,8/10/2004,,,
,26241.294,12,Granite District,Hunter High,710,Multimedia,8/10/2004,,,
,129400.028,14,Jordan District,Copper Hills High,703,Multimedia,8/10/2004,,,
,91413.564,19,Nebo District,Payson High,704,Multimedia,8/10/2004,,,
,14011.936,28,South Summit District,South Summit Middle,304,Multimedia,8/10/2004,,,
,26279.288,40,Murray District,Murray High,704,Multimedia,8/10/2004,,,
,133989.452,36,Salt Lake District,Salt Lake Technology Center,749,Web Development,8/10/2004,,,
,45604.732,1,Alpine District,Pleasant Grove Jr High,416,Computer Programming,8/25/2004,,,
,24794.382,7,Davis District,Fairfield Jr High,402,Multimedia,8/27/2004,,,
,31250.536,7,Davis District,Davis District,7,Web Development,9/3/2004,,,
,3221.326,10,Garfield District,Panguitch High,712,Web Development,9/3/2004,,,
,3221.326,10,Garfield District,Panguitch Middle,304,Web Development,9/3/2004,,,
,22084.248,14,Jordan District,Jordan Academy for Technology and Careers - North,741,Multimedia,11/16/2004,,,
,23420.946,2,Beaver District,Beaver District,2,Web Development,1/3/2005,,,
,4688.02,12,Granite District,John F. Kennedy Jr High,422,Introduction to Information Technology,1/5/2005,,,
,35833.994,36,Salt Lake District,Ensign School,144,Computer Programming,1/27/2005,,,
,35833.994,36,Salt Lake District,Ensign School,144,Multimedia,1/27/2005,,,
,25300.55,12,Granite District,Cyprus High,704,Computer Programming,2/4/2005,,,
,68723.296,1I,Utah International Charter School,Utah International Charter School,700,Computer Science - Level 2,4/5/2005,,,
,59047.072,1,Alpine District,Willowcreek Middle,425,Introduction to Information Technology,5/18/2005,,,
,59047.072,1,Alpine District,Willowcreek Middle,425,Introduction to Information Technology,5/18/2005,,,
,26264.844,40,Murray District,Murray High,704,Oracle (Database Development),5/27/2005,,,
,28234.252,23,Piute District,Piute High,708,Web Development,5/27/2005,,,
,145369.44,14,Jordan District,Bingham High,704,Computer Programming,5/31/2005,,,
,26849.512,14,Jordan District,Copper Hills High,703,Microsoft Certified Professional (MCP),6/10/2005,,,
,26849.512,14,Jordan District,Copper Hills High,703,Microsoft Certified Professional (MCP),6/10/2005,,,
,134231.86,33,Washington District,Pine View High,720,Computer Science - Level 2,7/26/2005,,,
,134231.86,33,Washington District,Utah Online 7-12,500,Computer Science - Level 2,7/26/2005,,,
,137273.578,30,Tooele District,Tooele Jr High,404,Network+,8/22/2005,,,
,55755.724,9K,St. George Academy,St. George Academy,700,Multimedia,9/7/2005,,,
,27441.088,42,Canyons District,Alta High,702,Multimedia,9/14/2005,,,
,30749.706,40,Murray District,Murray High,704,Multimedia,9/15/2005,,,
,30085.91,37,Ogden City District,George Washington High,729,Introduction to Information Technology,10/17/2005,,,
,30085.91,37,Ogden City District,Ogden High,707,Introduction to Information Technology,10/17/2005,,,
,26985.16,42,Canyons District,Jordan High,708,A+ (Computer Repair/Maintenance),11/9/2005,,,
,37485.32,25,San Juan District,Whitehorse High,710,Multimedia,11/9/2005,,,
,134231.86,33,Washington District,Pine View High,720,Computer Programming,1/10/2006,,,
,134231.86,33,Washington District,Utah Online 7-12,500,Computer Programming,1/10/2006,,,
,137273.578,30,Tooele District,Tooele Jr High,404,Multimedia,1/10/2006,,,
,24165.126,7,Davis District,Layton High,710,Cisco Certified Networking Associate (CCNA),1/11/2006,,,
,28659.722,31,Uintah District,Ashley Valley Educ. Ctr.,750,Computer Programming,1/11/2006,,,
,142167.896,1,Alpine District,Vista Heights Middle,490,Multimedia,2/9/2006,,,
,76917.44,1,Alpine District,American Fork High,704,Multimedia,2/10/2006,,,
,129417.612,36,Salt Lake District,Clayton Middle,408,Multimedia,2/10/2006,,,
,167459.968,KD,Cinnamon Hills School,Cinnamon Hills School,650,Certified Novell Administrator (CNA),4/13/2006,,,
,167459.968,KD,Cinnamon Hills School,Cinnamon Hills School,650,Microsoft Certified Professional (MCP),4/13/2006,,,
,100951.314,1,Alpine District,Pleasant Grove High,716,Multimedia,4/20/2006,,,
,23587.366,3,Box Elder District,Bear River High,704,A+ (Computer Repair/Maintenance),5/16/2006,,,
,19355.274,38,Provo District,Dixon Middle,408,Multimedia,5/30/2006,,,
,19355.274,38,Provo District,Independence High,730,Multimedia,5/30/2006,,,
,31135.926,12,Granite District,Granite Technical Institute,775,A+ (Computer Repair/Maintenance),6/6/2006,,,
,25300.55,12,Granite District,Cyprus High,704,A+ (Computer Repair/Maintenance),7/18/2006,,,
,26848.884,42,Canyons District,Butler Middle,402,Introduction to Information Technology,7/26/2006,,,
,27046.39,14,Jordan District,Jordan Academy for Technology & Careers South,744,Multimedia,7/26/2006,,,
,27046.39,14,Jordan District,Jordan Academy for Technology and Careers - North,741,Multimedia,7/26/2006,,,
,27046.39,14,Jordan District,Jordan Academy for Technology & Careers South,744,Web Development,7/26/2006,,,
,27046.39,14,Jordan District,Jordan Academy for Technology and Careers - North,741,Web Development,7/26/2006,,,
,24593.108,7,Davis District,Davis District,7,Multimedia,8/2/2006,,,
,24593.108,7,Davis District,Davis District,7,Multimedia,8/2/2006,,,
,31615.404,FC,Utah Catholic Schools,Judge Memorial Catholic High,959,Multimedia,8/2/2006,,,
,26656.088,14,Jordan District,Herriman High,707,Multimedia,8/8/2006,,,
,25318.448,12,Granite District,Taylorsville High,722,Multimedia,8/9/2006,,,
,134231.86,33,Washington District,Pine View High,720,Multimedia,8/9/2006,,,
,134231.86,33,Washington District,Utah Online 7-12,500,Multimedia,8/9/2006,,,
,148530.792,12,Granite District,Evergreen Jr High,412,Computer Science - Level 2,8/10/2006,,,
,86345.918,32,Wasatch District,Wasatch District,32,Multimedia,8/28/2006,,,
,145458.616,7,Davis District,Kaysville Jr High,410,Multimedia,1/31/2007,,,
,14644.96,12,Granite District,Granite District,12,Multimedia,3/5/2007,,,
,170474.682,19,Nebo District,Nebo Advanced Learning Center,747,Multimedia,5/7/2007,,,
,167442.384,1B,Utah County Academy of Science,Utah County Academy of Science,700,Certified Novell Administrator (CNA),6/11/2007,,,
,25897.464,12,Granite District,Granite Connection High,740,Multimedia,7/11/2007,,,
,25283.908,12,Granite District,Granite District,12,Multimedia,7/11/2007,,,
,25283.908,12,Granite District,Granite District,12,Multimedia,7/11/2007,,,
,25224.876,12,Granite District,Youth Educational Support School,501,Multimedia,7/11/2007,,,
,169118.83,42,Canyons District,Draper Park Middle,407,Computer Science - Level 2,7/17/2007,,,
,26326.702,13,Iron District,Cedar City High,704,Multimedia,9/25/2007,,,
,26326.702,13,Iron District,Cedar City High,704,Multimedia,9/25/2007,,,
,137273.578,30,Tooele District,Tooele Jr High,404,A+ (Computer Repair/Maintenance),10/22/2007,,,
,172250.352,7,Davis District,Syracuse Jr High,420,Computer Science - Level 2,10/22/2007,,,
,134206.74,7,Davis District,Davis High,708,Multimedia,12/13/2007,,,
,93249.208,35,Weber District,Roy High,708,Multimedia,2/20/2008,,,
,93249.208,35,Weber District,Weber Innovation High School,725,Multimedia,2/20/2008,,,
,93249.208,35,Weber District,Weber Online K-6,199,Multimedia,2/20/2008,,,
,45604.732,1,Alpine District,Pleasant Grove Jr High,416,A+ (Computer Repair/Maintenance),4/11/2008,,,
,45604.732,1,Alpine District,Pleasant Grove Jr High,416,A+ (Computer Repair/Maintenance),4/11/2008,,,
,148523.57,14,Jordan District,Oquirrh Hills Middle,409,Multimedia,4/11/2008,,,
,24618.856,7,Davis District,Mountain High,730,Introduction to Information Technology,4/30/2008,,,
,121368.536,33,Washington District,Dixie High,704,A+ (Computer Repair/Maintenance),5/29/2008,,,
,29264.8,A1,No. UT. Acad. for Math Engineering & Science,No. UT. Acad. for Math Engineering & Science,700,Multimedia,5/29/2008,,,
,29264.8,A1,No. UT. Acad. for Math Engineering & Science,No. UT. Acad. for Math Engineering & Science,700,Multimedia,5/29/2008,,,
,169908.854,19,Nebo District,Nebo Advanced Learning Center,747,Multimedia,6/17/2008,,,
,171180.868,12,Granite District,Granite Technical Institute,775,Multimedia,7/30/2008,,,
,121368.536,33,Washington District,Dixie High,704,A+ (Computer Repair/Maintenance),9/26/2008,,,
,27441.088,42,Canyons District,Alta High,702,A+ (Computer Repair/Maintenance),9/26/2008,,,
,45604.732,1,Alpine District,Pleasant Grove Jr High,416,Web Development,10/7/2008,,,
,45604.732,1,Alpine District,Pleasant Grove Jr High,416,Web Development,10/7/2008,,,
,172445.032,7,Davis District,Layton High,710,Multimedia,10/23/2008,,,
,134231.86,33,Washington District,Pine View High,720,Web Development,1/15/2009,,,
,134231.86,33,Washington District,Utah Online 7-12,500,Web Development,1/15/2009,,,
,170229.448,35,Weber District,Roy Jr High,404,Computer Science - Level 2,1/22/2009,,,
,9059.842,12,Granite District,Gearld Wright School,131,Computer Science - Level 2,2/24/2009,,,
,161170.548,12,Granite District,Skyline High,718,Computer Science - Level 2,3/19/2009,,,
,130885.248,36,Salt Lake District,West High,716,Computer Programming,4/7/2009,,,
,174867.228,19,Nebo District,Springville High,712,Multimedia,5/29/2009,,,
,13574.848,33,Washington District,Dixie High,704,Web Development,6/10/2009,,,
,9066.436,42,Canyons District,Canyons Technical Education Center,740,Computer Programming,7/16/2009,,,
,169610.868,38,Provo District,Centennial Middle,404,Multimedia,7/16/2009,,,
,27319.884,12,Granite District,Kearns High,714,A+ (Computer Repair/Maintenance),8/31/2009,,,
,27319.884,12,Granite District,Kearns High,714,Introduction to Information Technology,8/31/2009,,,
,27319.884,12,Granite District,Kearns High,714,Multimedia,8/31/2009,,,
,91235.84,83,Academy for Math Engineering & Science,Academy for Math Engineering & Science,700,Computer Programming,9/16/2009,,,
,130885.248,36,Salt Lake District,West High,716,Computer Science - Level 2,9/24/2009,,,
,30681.568,42,Canyons District,Jordan High,708,Multimedia,10/23/2009,,,
,55808.162,30,Tooele District,Stansbury High,720,Computer Programming,11/27/2009,,,
,172901.274,9F,Mountain Heights Academy,Mountain Heights Academy,600,Multimedia,2/18/2010,,,
,23700.092,4,Cache District,Green Canyon High School,703,Multimedia,3/9/2010,,,
,23700.092,4,Cache District,Green Canyon High School,703,Web Development,3/9/2010,,,
,176152.43,7,Davis District,Legacy Jr High,424,Computer Science - Level 2,6/1/2010,,,
,130929.836,31,Uintah District,Uintah High,704,Multimedia,6/3/2010,,,
,177672.818,1,Alpine District,Mountain Ridge Jr High,410,Computer Science - Level 2,6/17/2010,,,
,174822.326,13,Iron District,Canyon View High,712,Computer Science - Level 2,7/21/2010,,,
,129572.1,2C,Intech Collegiate High School,Intech Collegiate High School,600,Computer Science - Level 2,8/24/2010,,,
,171116.498,12,Granite District,Granger High,708,Multimedia,8/25/2010,,,
,31135.926,12,Granite District,Granite Technical Institute,775,Network+,10/13/2010,,,
,122939.164,14,Jordan District,Bingham High,704,Multimedia,10/21/2010,,,
,24919.982,17,Millard District,Millard High,708,Introduction to Information Technology,11/29/2010,,,
,19569.108,11,Grand District,Grand County High,704,Web Development,2/7/2011,,,
,175210.744,86,Pinnacle Canyon Academy,Pinnacle Canyon Academy,100,A+ (Computer Repair/Maintenance),3/3/2011,,,
,178120.268,36,Salt Lake District,Highland High,708,Computer Science - Level 2,3/24/2011,,,
,161170.548,12,Granite District,Skyline High,718,Computer Programming,3/30/2011,,,
,19569.108,11,Grand District,Grand County High,704,Multimedia,4/7/2011,,,
,178261.254,90,Tuacahn High School for the Performing Arts,Tuacahn High School for the Performing Arts,700,Multimedia,6/21/2011,,,
,171897.416,7,Davis District,Mountain High,730,Multimedia,7/22/2011,,,
,177111.386,82,Freedom Preparatory Academy,Freedom Preparatory Academy,100,Multimedia,8/23/2011,,,
,179775.99,18,Morgan District,Morgan School,104,Computer Science - Level 2,8/31/2011,,,
,91235.84,83,Academy for Math Engineering & Science,Academy for Math Engineering & Science,700,Introduction to Information Technology,8/31/2011,,,
,27704.22,17,Millard District,Delta High,704,A+ (Computer Repair/Maintenance),9/29/2011,,,
,26867.41,42,Canyons District,Diamond Ridge High School,750,A+ (Computer Repair/Maintenance),9/29/2011,,,
,22084.248,14,Jordan District,Jordan Academy for Technology and Careers - North,741,Introduction to Information Technology,9/29/2011,,,
,9066.436,42,Canyons District,Canyons Technical Education Center,740,Introduction to Information Technology,9/29/2011,,,
,26867.41,42,Canyons District,Diamond Ridge High School,750,Introduction to Information Technology,9/29/2011,,,
,161148.568,35,Weber District,Roy High,708,Multimedia,9/29/2011,,,
,105677.014,1B,Utah County Academy of Science,Utah County Academy of Science,700,Web Development,10/3/2011,,,
,31135.926,12,Granite District,Granite Technical Institute,775,Linux,2/14/2012,,,
,24398.114,7,Davis District,Mountain High,730,Multimedia,3/12/2012,,,
,26110.984,12,Granite District,Bonneville Jr High,402,Multimedia,3/14/2012,,,
,26110.984,12,Granite District,Eisenhower Jr High,411,Multimedia,3/14/2012,,,
,178158.89,3B,Beehive Science & Technology Academy,Beehive Science & Technology Academy,700,Computer Science - Level 2,4/6/2012,,,
,178080.076,35,Weber District,Bonneville High,701,Multimedia,5/3/2012,,,
,137283.626,31,Uintah District,Uintah High,704,Multimedia,6/27/2012,,,
,174838.968,36,Salt Lake District,Innovations High School,748,Multimedia,7/13/2012,,,
,9066.436,42,Canyons District,Canyons Technical Education Center,740,Oracle (Database Development),7/27/2012,,,
,170591.804,12,Granite District,Granger High,708,Multimedia,8/15/2012,,,
,28383.716,22,Park City District,Park City High,704,Computer Programming,9/4/2012,,,
,26867.41,42,Canyons District,Diamond Ridge High School,750,Cisco Certified Networking Associate (CCNA),9/24/2012,,,
,18441.848,19,Nebo District,Salem Hills High,706,Computer Programming,9/24/2012,,,
,169732.072,12,Granite District,Cottonwood High,702,Multimedia,9/24/2012,,,
,169732.072,12,Granite District,Skyline High,718,Multimedia,9/24/2012,,,
,73745.412,17,Millard District,Delta High,704,Multimedia,10/2/2012,,,
,26867.41,42,Canyons District,Diamond Ridge High School,750,Microsoft Certified Professional (MCP),10/30/2012,,,
,26867.41,42,Canyons District,Diamond Ridge High School,750,Security,10/30/2012,,,
,181299.204,7,Davis District,West Point Jr High,422,Computer Science - Level 2,1/28/2013,,,
,179733.6,23,Piute District,Piute High,708,Multimedia,1/29/2013,,,
,178375.864,A8,East Hollywood High,East Hollywood High,700,Multimedia,2/6/2013,,,
,27046.39,14,Jordan District,Jordan Academy for Technology & Careers South,744,Introduction to Information Technology,6/3/2013,,,
,27046.39,14,Jordan District,Jordan Academy for Technology and Careers - North,741,Introduction to Information Technology,6/3/2013,,,
,142166.64,42,Canyons District,Canyons Technical Education Center,740,A+ (Computer Repair/Maintenance),6/26/2013,,,
,142166.64,42,Canyons District,Canyons Technical Education Center,740,Network+,6/26/2013,,,
,177079.358,42,Canyons District,Corner Canyon High,711,Multimedia,7/18/2013,,,
,16362.854,35,Weber District,Weber High,704,Multimedia,9/25/2013,,,
,22900.334,1,Alpine District,American Fork High,704,Multimedia,10/2/2013,,,
,174670.978,19,Nebo District,Spanish Fork High,708,Multimedia,10/29/2013,,,
,172445.032,7,Davis District,Layton High,710,Web Development,10/29/2013,,,
,174846.504,9F,Mountain Heights Academy,Mountain Heights Academy,600,Web Development,1/29/2014,,,
,91235.84,83,Academy for Math Engineering & Science,Academy for Math Engineering & Science,700,Exploring CS,2/20/2014,,,
,183609.616,1,Alpine District,American Fork Jr High,404,Multimedia,2/20/2014,,,
,22715.074,1,Alpine District,Lakeridge Jr High,406,Exploring CS,3/28/2014,,,
,22831.568,1,Alpine District,Lehi Jr High,408,Exploring CS,3/28/2014,,,
,22979.148,1,Alpine District,Mountain Ridge Jr High,410,Exploring CS,3/28/2014,,,
,22831.568,1,Alpine District,Skyridge High School,785,Exploring CS,3/28/2014,,,
,3221.326,10,Garfield District,Panguitch High,712,Exploring CS,3/28/2014,,,
,3221.326,10,Garfield District,Panguitch Middle,304,Exploring CS,3/28/2014,,,
,150132.192,14,Jordan District,Fort Herriman Middle,417,Exploring CS,3/28/2014,,,
,176087.118,14,Jordan District,Fort Herriman Middle,417,Exploring CS,3/28/2014,,,
,55734.058,33,Washington District,Desert Hills High,703,Exploring CS,3/28/2014,,,
,31765.182,36,Salt Lake District,West High,716,Exploring CS,3/28/2014,,,
,84747.972,33,Washington District,Pine View High,720,Multimedia,4/1/2014,,,
,18441.848,19,Nebo District,Salem Hills High,706,Computer Science - Level 2,4/25/2014,,,
,19355.274,38,Provo District,Dixon Middle,408,Computer Science - Level 2,4/25/2014,,,
,19355.274,38,Provo District,Independence High,730,Computer Science - Level 2,4/25/2014,,,
,22715.074,1,Alpine District,Lakeridge Jr High,406,Computer Science - Level 2,4/25/2014,,,
,23587.366,3,Box Elder District,Bear River High,704,Computer Science - Level 2,4/25/2014,,,
,23700.092,4,Cache District,Green Canyon High School,703,Computer Science - Level 2,4/25/2014,,,
,23848.928,5,Carbon District,Carbon High,704,Computer Science - Level 2,4/25/2014,,,
,23848.928,5,Carbon District,Carbon High,704,Computer Science - Level 2,4/25/2014,,,
,24471.276,7,Davis District,Davis District,7,Computer Science - Level 2,4/25/2014,,,
,25300.55,12,Granite District,Cyprus High,704,Computer Science - Level 2,4/25/2014,,,
,25300.55,12,Granite District,Cyprus High,704,Computer Science - Level 2,4/25/2014,,,
,27962.956,19,Nebo District,Spanish Fork High,708,Computer Science - Level 2,4/25/2014,,,
,27962.956,19,Nebo District,Spanish Fork High,708,Computer Science - Level 2,4/25/2014,,,
,27962.956,19,Nebo District,Springville High,712,Computer Science - Level 2,4/25/2014,,,
,27962.956,19,Nebo District,Springville High,712,Computer Science - Level 2,4/25/2014,,,
,28141.622,21,North Summit District,North Summit High,704,Computer Science - Level 2,4/25/2014,,,
,28659.722,31,Uintah District,Ashley Valley Educ. Ctr.,750,Computer Science - Level 2,4/25/2014,,,
,28789.718,76,Northeastern Utah Ed. Serv.,Northeastern Utah Ed. Serv.,76,Computer Science - Level 2,4/25/2014,,,
,28789.718,76,Northeastern Utah Ed. Serv.,Northeastern Utah Ed. Serv.,76,Computer Science - Level 2,4/25/2014,,,
,28975.606,33,Washington District,Snow Canyon High,725,Computer Science - Level 2,4/25/2014,,,
,29292.432,99,USBE,USBE,99,Computer Science - Level 2,4/25/2014,,,
,29292.432,99,USBE,USBE,99,Computer Science - Level 2,4/25/2014,,,
,29390.4,35,Weber District,Weber High,704,Computer Science - Level 2,4/25/2014,,,
,31615.404,FC,Utah Catholic Schools,Judge Memorial Catholic High,959,Computer Science - Level 2,4/25/2014,,,
,31616.66,36,Salt Lake District,East High,704,Computer Science - Level 2,4/25/2014,,,
,35833.994,36,Salt Lake District,Ensign School,144,Computer Science - Level 2,4/25/2014,,,
,35833.994,36,Salt Lake District,Ensign School,144,Computer Science - Level 2,4/25/2014,,,
,45604.732,1,Alpine District,Pleasant Grove Jr High,416,Computer Science - Level 2,4/25/2014,,,
,45604.732,1,Alpine District,Pleasant Grove Jr High,416,Computer Science - Level 2,4/25/2014,,,
,55734.058,33,Washington District,Desert Hills High,703,Computer Science - Level 2,4/25/2014,,,
,84744.832,38,Provo District,Provo High,704,Computer Science - Level 2,4/25/2014,,,
,84744.832,38,Provo District,Provo High,704,Computer Science - Level 2,4/25/2014,,,
,91235.84,83,Academy for Math Engineering & Science,Academy for Math Engineering & Science,700,Computer Science - Level 2,4/25/2014,,,
,107234.14,12,Granite District,Redwood School,184,Computer Science - Level 2,4/25/2014,,,
,107234.14,12,Granite District,Redwood School,184,Computer Science - Level 2,4/25/2014,,,
,129443.988,33,Washington District,Snow Canyon High,725,Computer Science - Level 2,4/25/2014,,,
,137273.578,30,Tooele District,Tooele Jr High,404,Computer Science - Level 2,4/25/2014,,,
,145369.44,14,Jordan District,Bingham High,704,Computer Science - Level 2,4/25/2014,,,
,183024.006,1,Alpine District,Orem High,712,Computer Science - Level 2,5/21/2014,,,
,178697.4,82,Freedom Preparatory Academy,Freedom Preparatory Academy,100,Multimedia,8/5/2014,,,
,182917.246,7,Davis District,Syracuse High,716,Multimedia,8/6/2014,,,
,169500.968,42,Canyons District,Alta High,702,Multimedia,8/6/2014,,,
,178699.284,36,Salt Lake District,East High,704,Multimedia,8/11/2014,,,
,164283.23,22,Park City District,Treasure Mtn. Junior High School,304,Multimedia,8/18/2014,,,
,170474.682,19,Nebo District,Nebo Advanced Learning Center,747,Multimedia,9/18/2014,,,
,27276.552,14,Jordan District,Herriman High,707,Web Development,9/25/2014,,,
,161170.548,12,Granite District,Skyline High,718,Multimedia,9/26/2014,,,
,175087.342,2F,Rockwell Charter High School,Rockwell Charter High School,700,Multimedia,10/3/2014,,,
,175087.342,2F,Rockwell Charter High School,Rockwell Charter High School,700,Web Development,10/3/2014,,,
,180479.978,19,Nebo District,Maple Mountain High,702,Computer Science - Level 2,10/28/2014,,,
,180479.978,19,Nebo District,Nebo Advanced Learning Center,747,Computer Science - Level 2,10/28/2014,,,
,6184.858,15,Juab District,Juab High,704,Exploring CS,11/14/2014,,,
,137283.626,31,Uintah District,Uintah High,704,Computer Science - Level 2,12/19/2014,,,
,210547.362,7,Davis District,Clearfield High,706,Computer Science - Level 2,1/12/2015,,,
,105728.196,35,Weber District,Fremont High,706,Multimedia,2/2/2015,,,
,23394.256,1,Alpine District,Timberline Middle,420,Exploring CS,3/10/2015,,,
,23700.092,4,Cache District,Green Canyon High School,703,Exploring CS,3/10/2015,,,
,170464.948,12,Granite District,Granite District,12,Exploring CS,3/10/2015,,,
,26994.266,14,Jordan District,Sunset Ridge Middle,416,Exploring CS,3/10/2015,,,
,176473.652,19,Nebo District,Springville High,712,Exploring CS,3/10/2015,,,
,174014.718,35,Weber District,Fremont High,706,Exploring CS,3/10/2015,,,
,105677.014,1B,Utah County Academy of Science,Utah County Academy of Science,700,Exploring CS,3/10/2015,,,
,183261.39,14,Jordan District,Copper Hills High,703,Multimedia,3/23/2015,,,
,183261.39,14,Jordan District,Copper Mountain Middle,419,Multimedia,3/23/2015,,,
,29971.3,36,Salt Lake District,Highland High,708,Exploring CS,4/8/2015,,,
,180161.582,12,Granite District,Granite Technical Institute,775,Computer Science - Level 2,4/13/2015,,,
,137273.578,30,Tooele District,Tooele Jr High,404,Exploring CS,4/13/2015,,,
,180161.582,12,Granite District,Granite Technical Institute,775,Web Development,4/13/2015,,,
,213150.422,1,Alpine District,Pleasant Grove High,716,Exploring CS,4/15/2015,,,
,182309.342,2C,Intech Collegiate High School,Intech Collegiate High School,600,A+ (Computer Repair/Maintenance),5/1/2015,,,
,182309.342,2C,Intech Collegiate High School,Intech Collegiate High School,600,Computer Science - Level 2,5/1/2015,,,
,182309.342,2C,Intech Collegiate High School,Intech Collegiate High School,600,Network+,5/1/2015,,,
,31765.182,36,Salt Lake District,West High,716,Introduction to Information Technology,5/13/2015,,,
,182969.998,14,Jordan District,West Jordan Middle,412,Multimedia,5/13/2015,,,
,31765.182,36,Salt Lake District,West High,716,Computer Science - Level 2,5/14/2015,,,
,174385.866,40,Murray District,Riverview Jr High,412,Introduction to Information Technology,5/14/2015,,,
,170464.948,12,Granite District,Granite District,12,Computer Science - Level 2,6/1/2015,,,
,26264.844,40,Murray District,Murray High,704,Web Development,7/2/2015,,,
,177101.024,1,Alpine District,Lehi High,708,Computer Programming,7/9/2015,,,
,177101.024,1,Alpine District,Skyridge High School,785,Computer Programming,7/9/2015,,,
,169500.968,42,Canyons District,Alta High,702,Exploring CS,7/22/2015,,,
,91451.244,1J,American International School of Utah,American International School of Utah,800,Computer Science - Level 2,8/12/2015,,,
,182850.992,19,Nebo District,Nebo Advanced Learning Center,747,Multimedia,8/14/2015,,,
,182850.992,19,Nebo District,Nebo Advanced Learning Center,747,Web Development,8/14/2015,,,
,178483.88,32,Wasatch District,Rocky Mountain Middle,310,Introduction to Information Technology,8/24/2015,,,
,178483.88,32,Wasatch District,Wasatch High,704,Introduction to Information Technology,8/24/2015,,,
,91451.244,1J,American International School of Utah,American International School of Utah,800,A+ (Computer Repair/Maintenance),8/25/2015,,,
,27962.956,19,Nebo District,Spanish Fork High,708,Web Development,8/25/2015,,,
,27962.956,19,Nebo District,Springville High,712,Web Development,8/25/2015,,,
,173669.318,3F,Venture Academy,Venture Academy,100,Multimedia,9/4/2015,,,
,148523.57,14,Jordan District,Oquirrh Hills Middle,409,Exploring CS,9/22/2015,,,
,176582.924,7,Davis District,Syracuse High,716,Computer Science - Level 2,9/23/2015,,,
,176582.924,7,Davis District,Syracuse High,716,Exploring CS,9/23/2015,,,
,176582.924,7,Davis District,Syracuse High,716,Introduction to Information Technology,9/23/2015,,,
,176582.924,7,Davis District,Syracuse High,716,Oracle (Database Development),9/23/2015,,,
,206258.75,42,Canyons District,Canyons Technical Education Center,740,Multimedia,9/28/2015,,,
,178583.732,32,Wasatch District,Wasatch High,704,Exploring CS,9/29/2015,,,
,31417.584,11,Grand District,Grand County High,704,Multimedia,9/29/2015,,,
,178583.732,32,Wasatch District,Wasatch High,704,Multimedia,9/29/2015,,,
,171340.066,42,Canyons District,Corner Canyon High,711,Multimedia,9/29/2015,,,
,31417.584,11,Grand District,Grand County High,704,Web Development,9/29/2015,,,
,170464.948,12,Granite District,Granite District,12,Computer Programming,10/1/2015,,,
,35892.712,8,Duchesne District,Roosevelt Jr High,404,Exploring CS,10/20/2015,,,
,171315.888,19,Nebo District,Mapleton Junior High,404,Introduction to Information Technology,10/20/2015,,,
,174426.372,18,Morgan District,Morgan High,704,Multimedia,10/20/2015,,,
,27276.552,14,Jordan District,Herriman High,707,Exploring CS,10/26/2015,,,
,181157.276,27,South Sanpete District,Gunnison Valley High,704,Multimedia,11/23/2015,,,
,181157.276,27,South Sanpete District,Manti High,708,Multimedia,11/23/2015,,,
,181157.276,27,South Sanpete District,South Sanpete District,27,Multimedia,11/23/2015,,,
,18441.848,19,Nebo District,Salem Hills High,706,Web Development,11/30/2015,,,
,72773,1,Alpine District,Skyridge High School,785,Exploring CS,7/27/2016,,,
,72773,1,Alpine District,Skyridge High School,785,Introduction to Information Technology,11/3/2016,,,
,73182,1,Alpine District,Mountain Ridge Jr High,410,Computer Science - Level 1,8/17/2017,,,
,73881,1,Alpine District,Summit High,730,Exploring CS,2/2/2016,,,
,82358,1,Alpine District,Lone Peak High,709,Exploring CS,8/22/2016,,,
,82358,1,Alpine District,Lone Peak High,709,Web Development,11/16/2017,,,
,188048,1,Alpine District,Willowcreek Middle,425,Exploring CS,1/5/2018,,,
,285494,1,Alpine District,Mountain View High,711,Exploring CS,12/14/2016,,,
,285494,1,Alpine District,Mountain View High,711,Web Development,1/18/2018,,,
,503288,1,Alpine District,Frontier Middle School,417,Exploring CS,2/10/2016,,,
,542089,1,Alpine District,Orem Jr High,414,Exploring CS,6/22/2016,,,
,572960,1,Alpine District,Timberline Middle,420,Multimedia,2/15/2017,,,
,572960,1,Alpine District,Timberline Middle,420,Exploring CS,8/17/2017,,,
,580802,1,Alpine District,Westlake High,789,Web Development,7/18/2017,,,
,584744,1,Alpine District,American Fork Jr High,404,Exploring CS,1/5/2018,,,
,611749,1,Alpine District,Polaris High School,782,Exploring CS,2/10/2016,,,
,678823,1,Alpine District,Pleasant Grove High,716,Linux,2/10/2016,,,
,678823,1,Alpine District,Pleasant Grove High,716,Computer Science - Level 2,10/4/2017,,,
,678823,1,Alpine District,Pleasant Grove High,716,Introduction to Information Technology,12/4/2017,,,
,681975,1,Alpine District,Vista Heights Middle,490,Multimedia,7/21/2017,,,
,690284,1,Alpine District,American Fork High,704,Computer Science - Level 1,3/7/2018,,,
,690284,1,Alpine District,American Fork High,704,Computer Science - Level 2,3/7/2018,,,
,712672,1,Alpine District,Mountain View High,711,Computer Science - Level 1,11/27/2017,,,
,712672,1,Alpine District,Mountain View High,711,Computer Science - Level 2,11/27/2017,,,
,712672,1,Alpine District,Mountain View High,711,Introduction to Information Technology,11/27/2017,,,
,712672,1,Alpine District,Mountain View High,711,Multimedia,11/27/2017,,,
,712672,1,Alpine District,Mountain View High,711,Web Development,11/27/2017,,,
,548961,2,Beaver District,Beaver High,704,GIS,3/16/2016,,,
,573623,2,Beaver District,Beaver High,704,Introduction to Information Technology,4/21/2017,,,
,296701,3,Box Elder District,Box Elder High,708,Computer Science - Level 1,6/1/2017,,,
,296701,3,Box Elder District,Box Elder Middle,408,Computer Science - Level 1,6/1/2017,,,
,712674,3,Box Elder District,Box Elder High,708,Computer Science - Level 1,11/29/2017,,,
,712674,3,Box Elder District,Box Elder High,708,Computer Science - Level 2,11/29/2017,,,
,75478,4,Cache District,Green Canyon High School,703,Introduction to Information Technology,1/28/2016,,,
,75743,4,Cache District,Ridgeline High School,705,Exploring CS,2/2/2017,,,
,150965,4,Cache District,Mountain Crest High,702,Exploring CS,3/1/2017,,,
,463021,4,Cache District,Sky View High,706,Exploring CS,4/12/2018,,,
,488375,4,Cache District,Mountain Crest High,702,Exploring CS,9/29/2016,,,
,569827,4,Cache District,Sky View High,706,Exploring CS,4/12/2018,,,
,581717,4,Cache District,Green Canyon High School,703,Exploring CS,7/21/2017,,,
,71831,7,Davis District,North Davis Jr High,412,Exploring CS,4/11/2016,,,
,76473,7,Davis District,Northridge High,711,Multimedia,2/8/2017,,,
,100639,7,Davis District,Mueller Park Jr High,413,Exploring CS,8/11/2016,,,
,150933,7,Davis District,Woods Cross High,714,Exploring CS,2/15/2017,,,
,533189,7,Davis District,South Davis Jr High,416,Computer Science - Level 2,3/21/2018,,,
,533189,7,Davis District,South Davis Jr High,416,Exploring CS,3/21/2018,,,
,533189,7,Davis District,South Davis Jr High,416,Introduction to Information Technology,3/21/2018,,,
,547100,7,Davis District,North Davis Jr High,412,Exploring CS,4/21/2017,,,
,547100,7,Davis District,North Davis Jr High,412,Computer Science - Level 1,6/22/2017,,,
,549188,7,Davis District,Layton High,710,Exploring CS,2/10/2016,,,
,553893,7,Davis District,Woods Cross High,714,Multimedia,10/4/2017,,,
,562366,7,Davis District,Syracuse High,716,Computer Science - Level 2,3/12/2018,,,
,562366,7,Davis District,Syracuse High,716,Exploring CS,3/12/2018,,,
,562366,7,Davis District,Syracuse High,716,Introduction to Information Technology,3/12/2018,,,
,562366,7,Davis District,Syracuse High,716,Oracle (Database Development),3/12/2018,,,
,573428,7,Davis District,Clearfield High,706,Multimedia,1/28/2016,,,
,682430,7,Davis District,Northridge High,711,Computer Science - Level 2,10/2/2017,,,
,682430,7,Davis District,Northridge High,711,Exploring CS,10/2/2017,,,
,79736,9,Emery District,Emery High,706,Computer Science - Level 1,2/16/2018,,,
,10259,10,Garfield District,Panguitch High,712,Introduction to Information Technology,5/11/2016,,,
,10259,10,Garfield District,Panguitch Middle,304,Introduction to Information Technology,5/11/2016,,,
,79855,10,Garfield District,Bryce Valley High,704,Exploring CS,9/26/2016,,,
,79855,10,Garfield District,Bryce Valley High,704,Introduction to Information Technology,9/26/2016,,,
,9110,12,Granite District,Hunter High,710,Exploring CS,8/17/2017,,,
,14125,12,Granite District,Hunter Jr High,418,Exploring CS,11/2/2017,,,
,51846,12,Granite District,Bennion Jr High,400,Exploring CS,5/12/2016,,,
,67831,12,Granite District,Olympus Jr High,424,Exploring CS,4/21/2017,,,
,79287,12,Granite District,Churchill Jr High,410,Exploring CS,3/21/2018,,,
,80001,12,Granite District,Bennion Jr High,400,Exploring CS,2/10/2016,,,
,80678,12,Granite District,Eisenhower Jr High,411,Exploring CS,2/10/2016,,,
,81454,12,Granite District,Granite District,12,Multimedia,7/26/2017,,,
,82686,12,Granite District,Eisenhower Jr High,411,Exploring CS,1/5/2018,,,
,83584,12,Granite District,Evergreen Jr High,412,Exploring CS,10/4/2017,,,
,83777,12,Granite District,Granite District,12,Exploring CS,10/4/2017,,,
,101297,12,Granite District,Hunter High,710,Exploring CS,10/4/2017,,,
,101297,12,Granite District,Hunter High,710,Computer Science - Level 2,11/16/2017,,,
,513282,12,Granite District,Skyline High,718,Exploring CS,5/5/2016,,,
,547587,12,Granite District,Granger High,708,Computer Science - Level 2,5/8/2017,,,
,547587,12,Granite District,Granger High,708,Multimedia,5/8/2017,,,
,552606,12,Granite District,Hunter High,710,Computer Science - Level 2,10/11/2016,,,
,552606,12,Granite District,Hunter High,710,Exploring CS,10/11/2017,,,
,557675,12,Granite District,Cottonwood High,702,Exploring CS,1/5/2016,,,
,563282,12,Granite District,Taylorsville High,722,Exploring CS,4/21/2017,,,
,657032,12,Granite District,Olympus High,716,Exploring CS,8/11/2016,,,
,657032,12,Granite District,Olympus High,716,Computer Science - Level 1,10/4/2017,,,
,6642,13,Iron District,Canyon View Middle,308,Exploring CS,4/21/2017,,,
,83954,13,Iron District,Southwest Educational Academy,750,Introduction to Information Technology,6/20/2016,,,
,91978,13,Iron District,Parowan High,708,Introduction to Information Technology,8/15/2016,,,
,13672,14,Jordan District,West Hills Middle,414,Exploring CS,2/15/2017,,,
,57652,14,Jordan District,Copper Mountain Middle,419,Exploring CS,5/5/2016,,,
,84892,14,Jordan District,Herriman High,707,Computer Science - Level 1,10/4/2017,,,
,296747,14,Jordan District,Joel P. Jensen Middle,406,Exploring CS,2/10/2016,,,
,540142,14,Jordan District,South Jordan Middle,411,Exploring CS,1/28/2016,,,
,540142,14,Jordan District,South Jordan Middle,411,Computer Science - Level 2,2/2/2017,,,
,563620,14,Jordan District,Copper Hills High,703,Computer Science - Level 1,3/14/2018,,,
,563620,14,Jordan District,Copper Hills High,703,Computer Science - Level 2,3/14/2018,,,
,563620,14,Jordan District,Copper Hills High,703,Exploring CS,3/14/2018,,,
,566473,14,Jordan District,Herriman High,707,Multimedia,9/29/2016,,,
,568821,14,Jordan District,Bingham High,704,Computer Science - Level 1,4/21/2017,,,
,581329,14,Jordan District,Oquirrh Hills Middle,409,Exploring CS,3/7/2018,,,
,679914,14,Jordan District,West Jordan Middle,412,Multimedia,7/21/2017,,,
,685222,14,Jordan District,Riverton High,710,Exploring CS,3/6/2017,,,
,685222,14,Jordan District,Riverton High,710,Multimedia,8/17/2017,,,
,689054,14,Jordan District,Bingham High,704,Multimedia,9/27/2017,,,
,689054,14,Jordan District,Bingham High,704,Web Development,9/27/2017,,,
,683798,16,Kane District,Valley High,708,Introduction to Information Technology,6/20/2016,,,
,683798,16,Kane District,Valley High,708,Exploring CS,12/5/2017,,,
,683798,16,Kane District,Valley High,708,Web Development,4/12/2018,,,
,88134,17,Millard District,Delta Middle,311,Exploring CS,11/3/2016,,,
,88230,17,Millard District,Delta High,704,Introduction to Information Technology,6/30/2016,,,
,88278,17,Millard District,Delta High,704,Exploring CS,3/16/2017,,,
,99209,17,Millard District,Eskdale High,712,Introduction to Information Technology,6/20/2016,,,
,682831,18,Morgan District,Morgan High,704,Computer Science - Level 1,11/2/2017,,,
,682831,18,Morgan District,Morgan High,704,Exploring CS,11/2/2017,,,
,682831,18,Morgan District,Morgan High,704,Introduction to Information Technology,11/2/2017,,,
,682831,18,Morgan District,Morgan High,704,Multimedia,11/2/2017,,,
,58732,19,Nebo District,Salem Hills High,706,Exploring CS,2/21/2017,,,
,89401,19,Nebo District,Spanish Fork High,708,Exploring CS,2/21/2017,,,
,239779,19,Nebo District,Spanish Fork Jr High,420,Exploring CS,1/5/2016,,,
,264913,19,Nebo District,Payson Jr High,408,Exploring CS,3/1/2017,,,
,416984,19,Nebo District,Spanish Fork High,708,Exploring CS,3/1/2017,,,
,533245,19,Nebo District,Diamond Fork Junior High,402,Exploring CS,5/5/2016,,,
,562309,19,Nebo District,Mt. Nebo Junior High,406,Exploring CS,8/17/2017,,,
,563364,19,Nebo District,Salem Junior High,416,Exploring CS,2/9/2016,,,
,573213,19,Nebo District,Springville High,712,Exploring CS,3/1/2017,,,
,573213,19,Nebo District,Springville High,712,Multimedia,3/3/2017,,,
,573213,19,Nebo District,Springville High,712,Web Development,6/7/2017,,,
,577051,19,Nebo District,Payson High,704,Multimedia,6/22/2016,,,
,578652,19,Nebo District,Salem Hills High,706,Multimedia,11/16/2017,,,
,171967,22,Park City District,Ecker Hill Middle,308,Multimedia,10/27/2016,,,
,171967,22,Park City District,Park City High,704,Multimedia,10/27/2016,,,
,685160,22,Park City District,Park City High,704,Computer Science - Level 2,9/26/2016,,,
,685160,22,Park City District,Treasure Mtn. Junior High School,304,Computer Science - Level 2,9/26/2016,,,
,685160,22,Park City District,Park City High,704,Exploring CS,7/21/2017,,,
,685160,22,Park City District,Treasure Mtn. Junior High School,304,Exploring CS,7/21/2017,,,
,540518,25,San Juan District,Monticello High,704,Multimedia,6/22/2016,,,
,540518,25,San Juan District,Monticello High,704,Exploring CS,2/22/2018,,,
,540518,25,San Juan District,Monticello High,704,Web Development,2/22/2018,,,
,188220,26,Sevier District,Sevier Career and Technical Education Center,600,Multimedia,4/6/2016,,,
,188220,26,Sevier District,South Sevier High,712,Multimedia,4/6/2016,,,
,576934,27,South Sanpete District,Gunnison Valley High,704,Computer Science - Level 1,9/1/2016,,,
,576934,27,South Sanpete District,Manti High,708,Computer Science - Level 1,9/1/2016,,,
,576934,27,South Sanpete District,South Sanpete District,27,Computer Science - Level 1,9/1/2016,,,
,576934,27,South Sanpete District,Gunnison Valley High,704,Computer Science - Level 2,9/1/2016,,,
,576934,27,South Sanpete District,Manti High,708,Computer Science - Level 2,9/1/2016,,,
,576934,27,South Sanpete District,South Sanpete District,27,Computer Science - Level 2,9/1/2016,,,
,576934,27,South Sanpete District,Gunnison Valley High,704,Exploring CS,9/1/2016,,,
,576934,27,South Sanpete District,Manti High,708,Exploring CS,9/1/2016,,,
,576934,27,South Sanpete District,South Sanpete District,27,Exploring CS,9/1/2016,,,
,7362,30,Tooele District,Tooele High,712,Exploring CS,7/27/2016,,,
,7362,30,Tooele District,Tooele High,712,Web Development,3/7/2018,,,
,213893,30,Tooele District,Stansbury High,720,Exploring CS,11/16/2017,,,
,213893,30,Tooele District,Stansbury High,720,Introduction to Information Technology,11/16/2017,,,
,565830,30,Tooele District,Blue Peak High,740,Exploring CS,4/4/2017,,,
,565830,30,Tooele District,Blue Peak High,740,Computer Science - Level 1,5/23/2017,,,
,565830,30,Tooele District,Blue Peak High,740,Computer Science - Level 2,3/21/2018,,,
,575003,30,Tooele District,Tooele High,712,Introduction to Information Technology,8/11/2016,,,
,662797,30,Tooele District,Tooele Community Learning Center,730,A+ (Computer Repair/Maintenance),6/21/2017,,,
,662797,30,Tooele District,Tooele Community Learning Center,730,Linux,6/21/2017,,,
,662797,30,Tooele District,Tooele Community Learning Center,730,Network+,6/21/2017,,,
,683800,30,Tooele District,Stansbury High,720,Exploring CS,3/21/2018,,,
,683800,30,Tooele District,Wendover High,714,Exploring CS,3/21/2018,,,
,311662,31,Uintah District,Uintah High,704,Exploring CS,7/21/2017,,,
,43232,33,Washington District,Dixie High,704,Exploring CS,2/2/2016,,,
,91766,33,Washington District,Hurricane High,716,Introduction to Information Technology,6/8/2016,,,
,171977,33,Washington District,Enterprise High,712,Introduction to Information Technology,8/12/2016,,,
,177497,33,Washington District,Desert Hills High,703,Web Development,3/16/2016,,,
,177497,33,Washington District,Desert Hills High,703,Security,3/21/2018,,,
,427490,33,Washington District,Pine View High,720,Exploring CS,8/11/2016,,,
,427490,33,Washington District,Utah Online 7-12,500,Exploring CS,8/11/2016,,,
,685929,33,Washington District,Pine View Middle,420,Computer Science - Level 2,7/18/2017,,,
,68416,35,Weber District,South Ogden Jr High,408,Exploring CS,7/27/2016,,,
,93519,35,Weber District,North Ogden Jr High,402,Exploring CS,8/17/2017,,,
,96437,35,Weber District,Snowcrest Jr High,412,Exploring CS,8/11/2016,,,
,296972,35,Weber District,Roy High,708,Exploring CS,5/5/2016,,,
,296972,35,Weber District,Weber Innovation High School,725,Exploring CS,5/5/2016,,,
,296972,35,Weber District,Weber Online K-6,199,Exploring CS,5/5/2016,,,
,463207,35,Weber District,Fremont High,706,Computer Science - Level 2,4/13/2017,,,
,463207,35,Weber District,Roy High,708,Computer Science - Level 2,4/13/2017,,,
,463207,35,Weber District,Weber High,704,Computer Science - Level 2,4/13/2017,,,
,463207,35,Weber District,Weber Innovation High School,725,Computer Science - Level 2,4/13/2017,,,
,463207,35,Weber District,Fremont High,706,Exploring CS,4/13/2017,,,
,463207,35,Weber District,Roy High,708,Exploring CS,4/13/2017,,,
,463207,35,Weber District,Weber High,704,Exploring CS,4/13/2017,,,
,463207,35,Weber District,Weber Innovation High School,725,Exploring CS,4/13/2017,,,
,488205,35,Weber District,Bonneville High,701,Exploring CS,4/2/2018,,,
,488205,35,Weber District,Fremont High,706,Exploring CS,4/2/2018,,,
,488205,35,Weber District,Roy High,708,Exploring CS,4/2/2018,,,
,488205,35,Weber District,Weber High,704,Exploring CS,4/2/2018,,,
,488205,35,Weber District,Weber Online K-6,199,Exploring CS,4/2/2018,,,
,548287,35,Weber District,Roy Jr High,404,Exploring CS,2/16/2018,,,
,569458,35,Weber District,Weber High,704,Computer Science - Level 2,9/20/2017,,,
,569458,35,Weber District,Weber Online K-6,199,Computer Science - Level 2,9/20/2017,,,
,569458,35,Weber District,Weber High,704,Web Development,9/20/2017,,,
,569458,35,Weber District,Weber Online K-6,199,Web Development,9/20/2017,,,
,682513,35,Weber District,Bonneville High,701,Computer Science - Level 2,4/13/2017,,,
,682513,35,Weber District,Fremont High,706,Computer Science - Level 2,4/13/2017,,,
,682513,35,Weber District,North Ogden Jr High,402,Computer Science - Level 2,4/13/2017,,,
,682513,35,Weber District,Orion Jr High,405,Computer Science - Level 2,4/13/2017,,,
,682513,35,Weber District,Rocky Mountain Jr High,403,Computer Science - Level 2,4/13/2017,,,
,682513,35,Weber District,Roy High,708,Computer Science - Level 2,4/13/2017,,,
,682513,35,Weber District,Roy Jr High,404,Computer Science - Level 2,4/13/2017,,,
,682513,35,Weber District,Sand Ridge Jr High,406,Computer Science - Level 2,4/13/2017,,,
,682513,35,Weber District,Snowcrest Jr High,412,Computer Science - Level 2,4/13/2017,,,
,682513,35,Weber District,South Ogden Jr High,408,Computer Science - Level 2,4/13/2017,,,
,682513,35,Weber District,T.H. Bell Jr High,410,Computer Science - Level 2,4/13/2017,,,
,682513,35,Weber District,Wahlquist Jr High,416,Computer Science - Level 2,4/13/2017,,,
,682513,35,Weber District,Weber High,704,Computer Science - Level 2,4/13/2017,,,
,682513,35,Weber District,Weber Innovation High School,725,Computer Science - Level 2,4/13/2017,,,
,396,36,Salt Lake District,Salt Lake District,36,Exploring CS,1/18/2018,,,
,49691,36,Salt Lake District,Highland High,708,Exploring CS,3/21/2018,,,
,416832,36,Salt Lake District,West High,716,Oracle (Database Development),5/18/2017,,,
,416832,36,Salt Lake District,West High,716,Computer Science - Level 1,1/25/2018,,,
,416832,36,Salt Lake District,West High,716,Exploring CS,1/25/2018,,,
,686454,36,Salt Lake District,Salt Lake Technology Center,749,Multimedia,1/12/2018,,,
,76463,37,Ogden City District,Ben Lomond High,703,Computer Science - Level 2,5/5/2016,,,
,76463,37,Ogden City District,Ben Lomond High,703,Exploring CS,5/5/2016,,,
,89900,37,Ogden City District,Ogden High,707,Exploring CS,2/2/2016,,,
,89900,37,Ogden City District,Ogden High,707,Computer Science - Level 1,2/15/2017,,,
,89900,37,Ogden City District,Ogden High,707,Multimedia,2/15/2017,,,
,89900,37,Ogden City District,Ogden High,707,Computer Science - Level 2,1/5/2018,,,
,544919,37,Ogden City District,Mount Ogden Junior High,415,Exploring CS,4/12/2018,,,
,366861,38,Provo District,Centennial Middle,404,Exploring CS,1/5/2018,,,
,542925,38,Provo District,Timpview High,712,Computer Science - Level 1,8/25/2017,,,
,97984,40,Murray District,Riverview Jr High,412,Exploring CS,2/2/2016,,,
,555369,40,Murray District,Riverview Jr High,412,Exploring CS,1/12/2016,,,
,86124,42,Canyons District,Mt. Jordan Middle,408,Exploring CS,3/17/2016,,,
,366880,42,Canyons District,Hillcrest High,706,Exploring CS,8/11/2016,,,
,452760,42,Canyons District,Canyons Technical Education Center,740,Microsoft Certified Professional (MCP),11/2/2017,,,
,452760,42,Canyons District,Canyons Technical Education Center,740,Security,11/2/2017,,,
,548427,42,Canyons District,Hillcrest High,706,Computer Science - Level 1,7/6/2017,,,
,585151,42,Canyons District,Corner Canyon High,711,Exploring CS,3/21/2018,,,
,656875,42,Canyons District,Canyons Technical Education Center,740,Multimedia,10/10/2017,,,
,569580,82,Freedom Preparatory Academy,Freedom Preparatory Academy,100,Multimedia,10/4/2017,,,
,683299,87,City Academy,City Academy,700,Exploring CS,4/18/2017,,,
,683299,87,City Academy,City Academy,700,Introduction to Information Technology,5/8/2017,,,
,683299,87,City Academy,City Academy,700,Computer Science - Level 1,11/16/2017,,,
,582969,92,Uintah River High,Uintah River High,700,Exploring CS,10/4/2017,,,
,285411,99,USBE,USBE,99,Multimedia,12/5/2016,,,
,427186,99,USBE,USBE,99,Exploring CS,3/1/2017,,,
,437236,99,USBE,USBE,99,Computer Science - Level 1,11/2/2017,,,
,437236,99,USBE,USBE,99,Introduction to Information Technology,11/2/2017,,,
,573765,99,USBE,USBE,99,Computer Science - Level 1,8/18/2016,,,
,573765,99,USBE,USBE,99,Exploring CS,8/18/2016,,,
,573765,99,USBE,USBE,99,Introduction to Information Technology,8/18/2016,,,
,573765,99,USBE,USBE,99,Oracle (Database Development),8/18/2016,,,
,291246,1J,American International School of Utah,American International School of Utah,800,Exploring CS,2/9/2016,,,
,692200,1J,American International School of Utah,American International School of Utah,800,Multimedia,3/21/2018,,,
,575110,2J,Ascent Academies of Utah,Ascent Academies of Utah Farmington,300,Exploring CS,2/2/2016,,,
,567385,3B,Beehive Science & Technology Academy,Beehive Science & Technology Academy,700,Multimedia,8/11/2016,,,
,686148,3B,Beehive Science & Technology Academy,Beehive Science & Technology Academy,700,Computer Science - Level 1,8/17/2017,,,
,572775,3D,Spectrum Academy,Spectrum Academy - NSL,100,Computer Science - Level 2,7/27/2017,,,
,572775,3D,Spectrum Academy,Spectrum Academy - Pleasant Grove,300,Computer Science - Level 2,7/27/2017,,,
,572775,3D,Spectrum Academy,Spectrum Academy - NSL,100,Exploring CS,7/27/2017,,,
,572775,3D,Spectrum Academy,Spectrum Academy - Pleasant Grove,300,Exploring CS,7/27/2017,,,
,572775,3D,Spectrum Academy,Spectrum Academy - NSL,100,Linux,7/27/2017,,,
,572775,3D,Spectrum Academy,Spectrum Academy - Pleasant Grove,300,Linux,7/27/2017,,,
,572775,3D,Spectrum Academy,Spectrum Academy - NSL,100,Microsoft Certified Professional (MCP),7/27/2017,,,
,572775,3D,Spectrum Academy,Spectrum Academy - Pleasant Grove,300,Microsoft Certified Professional (MCP),7/27/2017,,,
,572775,3D,Spectrum Academy,Spectrum Academy - NSL,100,Multimedia,7/27/2017,,,
,572775,3D,Spectrum Academy,Spectrum Academy - Pleasant Grove,300,Multimedia,7/27/2017,,,
,572775,3D,Spectrum Academy,Spectrum Academy - NSL,100,Oracle (Database Development),7/27/2017,,,
,572775,3D,Spectrum Academy,Spectrum Academy - Pleasant Grove,300,Oracle (Database Development),7/27/2017,,,
,572775,3D,Spectrum Academy,Spectrum Academy - NSL,100,Security,7/27/2017,,,
,572775,3D,Spectrum Academy,Spectrum Academy - Pleasant Grove,300,Security,7/27/2017,,,
,572775,3D,Spectrum Academy,Spectrum Academy - NSL,100,Web Development,7/27/2017,,,
,572775,3D,Spectrum Academy,Spectrum Academy - Pleasant Grove,300,Web Development,7/27/2017,,,
,553087,3F,Venture Academy,Venture Academy,100,Multimedia,6/15/2016,,,
,553087,3F,Venture Academy,Venture Academy,100,Exploring CS,12/5/2016,,,
,567988,3F,Venture Academy,Venture Academy,100,Exploring CS,3/7/2018,,,
,693591,5F,Utah Virtual Academy,Utah Virtual Academy,700,Computer Science - Level 1,6/8/2017,,,
,693591,5F,Utah Virtual Academy,Utah Virtual Academy,700,Computer Science - Level 2,6/8/2017,,,
,715575,7G,Summit Academy High School,Summit Academy High School,700,A+ (Computer Repair/Maintenance),4/11/2018,,,
,715575,7G,Summit Academy High School,Summit Academy High School,700,Computer Science - Level 1,4/11/2018,,,
,715575,7G,Summit Academy High School,Summit Academy High School,700,Exploring CS,4/11/2018,,,
,8709,8B,American Leadership Academy,American Leadership Academy,100,Exploring CS,7/27/2016,,,
,583558,8F,Hawthorn Academy,Hawthorn Academy West Jordan,100,A+ (Computer Repair/Maintenance),7/27/2016,,,
,583558,8F,Hawthorn Academy,Hawthorn Academy West Jordan,100,Network+,4/21/2017,,,
,583558,8F,Hawthorn Academy,Hawthorn Academy West Jordan,100,Linux,1/31/2018,,,
,709072,8L,Real Salt Lake Academy High School,Real Salt Lake Academy High School,700,Multimedia,5/11/2017,,,
,688540,9E,Providence Hall,Providence Hall,100,Computer Science - Level 2,10/1/2017,,,
,688540,9E,Providence Hall,Providence Hall,100,Exploring CS,10/1/2017,,,
,584963,A1,No. UT. Acad. for Math Engineering & Science,No. UT. Acad. for Math Engineering & Science,700,Computer Science - Level 1,8/29/2017,,,